"","Nonpeptidergic.Nociceptor_1","Nonpeptidergic.Nociceptor_2","Nonpeptidergic.Nociceptor_3","Peptidergic.Nociceptor_1","Peptidergic.Nociceptor_2","Peptidergic.Nociceptor_3","C.LTMR_1","C.LTMR_2","C.LTMR_3","AÎ..LTMR_1","AÎ..LTMR_2","AÎ..LTMR_3","AÎ².RA.LTMR_4","AÎ².RA.LTMR_5","AÎ².RA.LTMR_1","AÎ².RA.LTMR_2","AÎ².RA.LTMR_3","AÎ².SA1.LTMR_1","AÎ².SA1.LTMR_2","AÎ².SA1.LTMR_3","AÎ².Field.LTMR_1","AÎ².Field.LTMR_2","AÎ².Field.LTMR_3","Proprioceptor_1","Proprioceptor_2","Proprioceptor_3"
"ENSMUSG00000098086",0,0,0,0,0,1,1,1,0,0,0,0,0,0,0,0,0,0,0,0,0,0,0,0,0,0
"ENSMUSG00000037307",0,0,0,0,0,0,0,0,0,0,0,0,0,0,0,0,0,0,0,0,0,0,0,0,0,0
"ENSMUSG00000085908",0,0,0,2,1,2,0,0,1,1,0,0,0,0,0,1,0,0,0,0,0,0,0,0,0,0
"ENSMUSG00000081950",0,0,0,0,0,0,1,0,0,1,1,0,0,0,3,0,0,0,0,0,0,0,0,0,1,1
"ENSMUSG00000065400",0,0,0,0,0,0,0,0,0,0,0,0,0,0,0,0,0,0,0,0,0,0,0,0,0,0
"ENSMUSG00000076471",0,0,0,0,0,0,0,0,0,0,0,0,0,0,0,0,0,0,0,0,0,0,0,0,0,0
"ENSMUSG00000004931",242,227,288,177,135,218,85,146,233,79,62,317,63,288,287,114,220,226,82,275,114,29,126,61,185,260
"ENSMUSG00000037025",0,0,0,0,0,0,0,0,0,1,0,2,0,0,0,0,0,0,0,0,0,0,0,0,4,0
"ENSMUSG00000085473",0,0,0,0,0,0,0,0,0,0,0,0,0,0,0,0,0,0,0,0,0,0,0,0,0,0
"ENSMUSG00000039315",2,1,0,7,4,8,5,1,4,12,5,10,8,1,14,16,19,40,9,43,16,5,10,4,9,13
"ENSMUSG00000081730",0,5,2,4,2,4,4,0,7,1,0,1,0,0,0,0,0,0,0,17,0,0,4,2,0,0
"ENSMUSG00000075114",0,0,0,0,0,0,0,0,0,0,0,0,0,0,0,0,0,0,0,0,0,0,0,0,0,0
"ENSMUSG00000068220",711,710,1052,2163,1601,1353,667,1176,1431,1066,1242,9621,2100,7758,7068,6123,6214,3558,2113,5199,1159,339,3403,1247,4409,4320
"ENSMUSG00000028703",703,538,833,1369,1092,1269,953,1196,1758,420,467,1023,617,481,1099,979,1195,1172,669,936,1344,227,1061,573,627,780
"ENSMUSG00000065794",0,0,0,0,0,0,0,0,0,2,0,0,0,0,0,0,0,0,0,0,0,0,0,0,0,0
"ENSMUSG00000027424",202,154,174,324,200,278,147,209,295,121,113,163,58,76,267,176,198,433,184,201,177,34,251,64,147,189
"ENSMUSG00000098979",0,0,0,0,0,0,0,0,0,0,0,0,0,0,0,0,0,0,0,0,0,0,0,0,0,0
"ENSMUSG00000027276",86,123,225,534,688,872,205,299,608,1747,1955,932,410,861,1482,1017,1691,354,742,529,628,341,410,423,1068,1629
"ENSMUSG00000039844",3471,2836,3545,3447,3092,3570,2742,3701,5496,1536,1028,2969,1385,1845,3548,3234,3167,2990,2610,4991,3318,415,2447,1496,3469,4149
"ENSMUSG00000086068",0,0,0,0,1,0,0,0,0,1,0,0,1,0,0,0,0,0,0,0,0,0,0,0,0,1
"ENSMUSG00000031422",9768,6370,8525,4736,3700,4200,2707,3740,4212,2170,1771,3150,1267,1231,2916,3241,3001,3351,2780,3461,2029,587,2548,1038,2966,3301
"ENSMUSG00000077851",0,0,1,0,0,1,0,0,2,2,0,0,1,0,0,0,0,0,0,0,0,0,0,0,0,1
"ENSMUSG00000095786",0,0,0,0,0,0,0,0,0,0,0,0,0,0,0,0,0,0,0,0,0,0,0,0,0,0
"ENSMUSG00000069085",58,30,31,55,46,59,103,121,150,6,5,28,1,0,9,34,7,5,0,58,3,3,14,0,1,2
"ENSMUSG00000097845",0,0,0,0,0,0,0,1,0,1,0,1,1,1,0,0,0,0,2,3,0,0,2,1,0,0
"ENSMUSG00000085157",0,0,0,0,0,0,0,0,0,0,0,0,0,0,0,0,0,0,0,0,0,0,0,0,0,0
"ENSMUSG00000086235",3,3,5,2,0,3,3,2,3,0,0,1,0,1,4,1,1,1,4,0,2,0,2,1,0,2
"ENSMUSG00000066693",0,0,0,1,0,1,0,0,1,0,0,3,0,0,0,1,2,0,0,3,0,0,0,0,2,0
"ENSMUSG00000090342",0,0,0,0,0,0,0,0,0,0,0,0,0,0,0,0,0,0,0,0,0,0,0,0,0,0
"ENSMUSG00000093570",0,0,0,0,0,0,0,0,0,0,0,0,0,0,0,0,0,0,0,0,0,0,0,0,0,0
"ENSMUSG00000086034",4,17,11,11,8,11,7,10,23,12,3,14,17,13,52,26,38,11,5,23,9,0,28,5,45,64
"ENSMUSG00000080536",0,0,0,0,0,0,0,0,0,1,0,0,0,0,0,0,0,0,0,0,0,0,0,0,0,0
"ENSMUSG00000026312",1,1,6,30,37,33,235,695,22,135,143,89,40,58,145,147,126,360,111,311,51,15,27,357,576,738
"ENSMUSG00000027977",1257,1045,1460,2244,1774,2115,896,993,1737,1170,1045,1871,1008,1482,2494,1842,2807,2299,2309,2387,1082,253,1256,472,1346,1760
"ENSMUSG00000028284",3296,2304,2978,2835,2485,2705,1700,2035,3158,1586,1257,1515,664,655,1666,1611,1745,2908,1517,2946,1760,383,1314,849,1941,2361
"ENSMUSG00000077981",0,0,0,0,0,0,0,0,0,0,0,0,0,0,0,0,0,0,1,0,0,0,0,0,0,0
"ENSMUSG00000081821",0,0,0,0,0,0,0,0,0,0,0,0,0,0,0,0,0,0,0,0,0,0,0,0,0,0
"ENSMUSG00000074424",0,0,0,0,0,0,0,0,0,0,0,0,0,0,0,0,0,0,0,0,0,0,0,0,0,0
"ENSMUSG00000083739",0,0,0,0,0,0,0,0,0,0,0,0,0,0,0,2,0,0,0,1,0,0,0,0,0,0
"ENSMUSG00000068744",1,1,3,19,7,15,8,4,11,7,19,17,8,20,17,26,22,54,0,11,17,5,5,9,24,22
"ENSMUSG00000063063",8161,5707,8061,12163,9193,10667,8510,11905,17394,3420,3764,5162,1644,3919,7084,6019,7790,11536,8508,9552,10826,2496,12163,1382,2939,3125
"ENSMUSG00000055198",0,0,0,0,0,0,0,0,0,0,0,0,0,0,0,0,0,0,0,0,0,1,0,0,0,0
"ENSMUSG00000095016",0,0,0,0,0,0,0,0,0,0,0,0,0,0,0,0,0,0,0,0,0,0,0,0,0,0
"ENSMUSG00000000787",12496,9263,11837,23134,16666,21251,17293,24585,34703,15915,11838,15577,5879,8442,24348,18726,23396,14690,21527,23855,19521,3973,19807,5021,13344,16002
"ENSMUSG00000023289",0,0,0,0,0,0,0,0,0,0,0,0,0,1,0,0,0,0,0,0,0,0,0,0,0,0
"ENSMUSG00000081290",0,0,0,0,0,0,0,0,0,0,0,0,0,0,0,0,0,0,0,0,0,0,0,0,0,0
"ENSMUSG00000097366",22,13,32,24,15,14,13,23,25,10,10,23,6,8,15,8,17,45,35,30,19,2,21,11,24,27
"ENSMUSG00000080817",0,2,6,2,1,1,0,0,0,0,2,0,0,0,0,0,1,0,0,7,0,0,2,0,3,0
"ENSMUSG00000084010",0,0,0,0,0,0,0,0,0,0,0,0,0,0,0,0,0,0,0,0,0,0,0,0,0,0
"ENSMUSG00000076555",0,0,0,0,0,0,0,0,0,0,0,0,0,0,0,0,0,0,0,0,0,0,0,0,0,0
"ENSMUSG00000086140",0,0,0,0,0,0,0,0,0,0,0,0,0,0,0,0,0,0,0,0,0,0,0,0,0,0
"ENSMUSG00000084228",3,5,5,15,13,12,3,3,0,23,1,0,0,0,0,0,0,0,0,0,0,0,0,0,0,0
"ENSMUSG00000027398",0,0,0,0,1,1,4,0,0,3,0,0,0,0,7,0,0,0,0,11,0,0,0,0,0,0
"ENSMUSG00000027108",7233,4760,6997,7654,6471,6837,5703,8046,11012,4213,3910,5962,2361,4099,6244,5371,6098,9306,4555,8190,7034,1692,10338,1690,5285,6546
"ENSMUSG00000052581",16,9,21,26,54,45,19,26,56,130,73,21,50,133,118,82,128,35,68,52,12,13,9,45,36,11
"ENSMUSG00000042035",24071,20307,22868,11190,9704,11972,8241,11000,13727,3261,2212,3852,2039,1560,3935,3851,4708,6625,3890,4623,5069,747,2304,1583,2718,3203
"ENSMUSG00000072852",1,0,0,3,3,5,0,4,0,0,1,0,1,0,5,3,2,0,0,0,0,0,0,5,1,5
"ENSMUSG00000028782",12,2,10,109,138,124,31,46,90,314,208,539,260,435,473,420,579,972,528,488,687,92,516,541,962,1101
"ENSMUSG00000039546",0,0,0,2,1,6,0,3,1,0,2,0,0,0,4,0,8,10,76,66,0,0,0,9,32,41
"ENSMUSG00000072258",259,156,268,257,176,288,242,385,461,234,126,206,159,157,369,383,325,687,309,254,338,60,329,93,166,201
"ENSMUSG00000086108",27,21,45,21,16,20,22,28,33,28,37,18,17,7,18,11,35,6,16,18,38,12,39,24,29,59
"ENSMUSG00000016409",2115,1607,1872,1594,1589,1650,911,1272,1836,782,662,1247,298,849,859,972,1010,2055,993,1174,947,190,1160,275,1029,1148
"ENSMUSG00000085293",0,0,0,0,0,0,0,0,0,0,0,2,0,0,0,0,0,0,0,0,0,0,0,0,0,0
"ENSMUSG00000095682",0,0,0,0,0,0,0,0,0,0,0,0,0,0,0,0,0,0,0,0,0,0,0,0,1,0
"ENSMUSG00000029320",2,1,1,2,6,5,0,0,1,9,0,0,1,0,2,10,5,0,0,2,8,0,2,0,1,0
"ENSMUSG00000029249",245,211,249,371,345,431,117,224,322,448,313,288,123,140,309,264,408,84,184,470,249,75,236,125,420,537
"ENSMUSG00000098583",0,0,0,0,0,0,0,0,0,0,0,0,0,0,0,0,0,0,0,0,0,0,0,0,0,0
"ENSMUSG00000083515",0,0,0,0,0,0,0,0,0,0,0,0,0,0,0,0,0,0,0,0,0,0,0,0,0,0
"ENSMUSG00000004902",0,1,6,9,28,15,10,21,29,20,19,82,10,22,34,58,37,0,93,39,9,4,25,9,49,53
"ENSMUSG00000058754",0,0,0,6,4,2,10,6,24,0,0,1,0,0,0,3,0,0,0,0,0,0,0,0,0,4
"ENSMUSG00000067971",0,0,0,0,0,0,0,0,0,0,0,0,0,0,0,0,0,0,0,0,0,0,0,0,0,0
"ENSMUSG00000020020",13,4,7,15,16,17,2,0,1,0,1,11,0,9,2,5,1,0,8,0,0,0,0,1,1,2
"ENSMUSG00000038696",3171,2394,3042,3143,2545,2851,1907,2754,3898,1828,1643,2414,1398,1381,3074,2371,2811,4031,3545,3252,2367,509,2224,1230,2425,2873
"ENSMUSG00000098330",0,0,0,0,0,0,0,0,0,0,0,0,0,0,0,0,0,0,0,0,0,0,0,0,0,0
"ENSMUSG00000089179",0,0,0,1,2,0,0,0,0,0,0,0,0,0,0,0,0,0,0,0,0,0,0,0,0,0
"ENSMUSG00000086783",0,0,0,1,0,0,0,0,0,0,0,0,0,0,0,0,0,0,0,0,0,0,0,0,0,0
"ENSMUSG00000088145",0,0,0,0,0,0,0,0,0,0,0,0,0,0,0,0,0,0,0,0,0,0,0,0,0,0
"ENSMUSG00000087174",1204,831,1352,1146,738,981,774,975,1424,491,452,650,208,255,772,368,484,931,360,926,347,102,669,166,405,616
"ENSMUSG00000036887",2,0,0,0,0,0,0,0,0,1,0,5,0,1,0,0,0,0,0,0,0,0,0,0,0,0
"ENSMUSG00000025608",14,29,30,249,176,201,34,39,88,300,165,158,13,8,65,18,45,113,53,135,45,7,32,47,50,68
"ENSMUSG00000029378",32,34,67,18,4,18,3,7,6,6,1,9,0,3,6,3,8,0,26,7,0,0,18,4,27,41
"ENSMUSG00000051827",0,0,0,0,0,0,0,0,0,0,0,0,0,0,0,0,0,0,0,0,0,0,0,0,0,0
"ENSMUSG00000048865",3,0,0,0,0,2,0,0,0,0,2,1,1,0,0,8,9,0,0,0,0,1,0,4,4,0
"ENSMUSG00000079239",0,0,0,0,0,0,0,0,0,0,0,0,0,0,0,0,0,0,0,0,0,0,0,0,0,0
"ENSMUSG00000030088",1,11,3,21,39,49,35,38,51,330,308,1058,124,155,377,327,327,258,260,181,85,16,103,37,61,93
"ENSMUSG00000000439",809,496,708,953,824,836,591,719,1112,275,293,672,326,482,810,658,705,1126,730,1057,715,110,1015,410,949,927
"ENSMUSG00000078657",0,0,0,0,0,0,0,0,0,0,0,0,0,0,0,0,0,0,0,0,0,0,0,0,0,0
"ENSMUSG00000031227",10856,8636,11767,10913,8668,10240,6979,9925,14514,30355,25870,10577,4001,6015,7796,7434,11291,14041,9200,10658,7934,5170,6876,5047,19087,21834
"ENSMUSG00000077230",0,0,0,0,0,0,0,0,0,0,0,0,0,0,0,0,0,0,0,0,0,0,0,0,0,0
"ENSMUSG00000005374",1654,1197,1605,2005,1511,1856,1174,1526,1982,704,618,861,699,628,1616,911,1284,3139,1422,1976,1608,261,1276,702,1246,1669
"ENSMUSG00000028463",3,14,10,19,17,29,54,52,90,2,1,1,2,0,8,8,9,21,4,42,6,2,53,0,6,10
"ENSMUSG00000085816",0,2,0,2,0,2,0,2,0,0,1,4,0,1,1,2,1,0,0,1,0,0,0,2,3,0
"ENSMUSG00000028212",125,85,99,213,156,197,153,227,349,138,136,107,51,57,128,138,171,70,132,162,123,64,201,51,119,154
"ENSMUSG00000028234",3545,2558,3709,1684,1250,1241,959,1262,2076,1059,867,1866,426,1002,1188,1044,941,2018,1119,2243,920,788,1634,443,1632,1898
"ENSMUSG00000083043",0,0,1,0,0,1,1,1,0,0,1,0,1,0,0,0,2,0,0,1,0,1,2,0,0,1
"ENSMUSG00000090698",14,89,175,181,150,80,49,81,177,228,95,87,5,37,64,7,19,88,23,8,13,1,27,57,250,282
"ENSMUSG00000056978",0,0,0,0,0,0,0,0,0,0,0,0,0,0,0,0,0,0,0,0,0,0,0,0,0,0
"ENSMUSG00000046248",0,0,0,0,0,0,0,0,0,0,0,0,0,0,0,0,0,0,0,0,0,0,0,0,0,0
"ENSMUSG00000087877",0,0,0,0,0,0,0,0,0,0,0,0,0,0,0,0,0,0,0,0,0,0,0,0,0,0
"ENSMUSG00000029477",51,38,83,26,25,20,21,37,24,5,9,12,2,0,9,19,3,6,5,19,7,2,2,2,7,17
"ENSMUSG00000028218",1800,1165,1706,1562,1268,1322,967,1237,1852,595,447,1077,388,602,1502,912,1110,1297,1456,1556,783,216,1308,442,1874,2162
"ENSMUSG00000035357",484,340,565,709,401,478,53,111,250,83,40,90,33,290,162,96,201,21,56,62,67,24,36,55,124,141
"ENSMUSG00000028182",65,44,54,75,57,83,28,49,62,22,16,51,18,25,69,69,76,59,48,154,56,7,131,20,42,47
"ENSMUSG00000026594",4075,3109,4845,7840,6303,7014,1941,2155,4119,1962,1108,1445,553,343,1484,1389,1700,2769,1429,2126,1918,431,1695,422,993,1130
"ENSMUSG00000067879",6,2,1,0,1,4,1,0,0,0,0,0,0,0,5,26,1,0,37,7,4,1,3,1,0,8
"ENSMUSG00000096598",0,0,0,0,0,0,0,0,0,0,0,0,0,0,0,0,0,0,0,0,0,0,0,0,0,0
"ENSMUSG00000081105",0,0,0,0,0,0,0,1,0,0,0,0,0,0,0,0,0,0,0,0,0,0,0,0,0,2
"ENSMUSG00000081465",0,0,0,0,0,0,0,0,0,0,0,0,0,0,0,0,0,0,0,0,0,0,0,0,0,0
"ENSMUSG00000083671",0,0,0,0,0,0,0,0,0,0,0,0,0,0,0,0,0,0,0,0,0,0,0,1,0,0
"ENSMUSG00000065258",3,2,3,4,0,5,1,3,4,0,0,3,1,2,0,2,3,0,3,5,1,0,0,0,7,1
"ENSMUSG00000042115",201,290,258,2728,2121,1922,810,1051,1486,828,772,2894,497,1375,1360,1176,1348,197,204,551,173,59,183,777,2446,2584
"ENSMUSG00000033722",4,0,1,68,70,49,20,15,66,87,60,134,67,64,207,186,189,213,192,158,96,11,79,95,199,187
"ENSMUSG00000042606",131,182,274,300,206,273,163,182,221,154,85,152,93,131,142,194,213,135,132,228,292,57,291,59,130,154
"ENSMUSG00000064315",1,1,1,2,0,0,0,1,1,1,0,0,1,1,2,3,2,0,0,2,0,0,0,3,1,0
"ENSMUSG00000096920",2,0,1,1,1,0,0,1,0,0,0,0,0,1,1,1,2,0,1,1,0,1,0,1,3,2
"ENSMUSG00000089838",0,0,2,1,3,1,0,2,2,0,1,1,1,1,3,3,2,2,1,2,1,0,1,0,0,2
"ENSMUSG00000081144",0,0,0,0,0,0,0,0,0,0,0,0,0,0,0,0,0,0,0,0,0,0,0,0,0,0
"ENSMUSG00000030161",23085,18578,25212,27344,19857,22206,13452,17381,24296,11695,9241,27493,9601,19298,33058,31026,29235,37198,25163,43403,18189,4524,27006,10456,31062,32525
"ENSMUSG00000089069",0,2,3,1,0,3,0,1,1,0,0,0,0,0,0,0,1,0,0,0,0,0,0,0,0,0
"ENSMUSG00000083628",0,0,0,0,0,0,0,0,0,0,0,0,0,0,0,0,0,0,0,0,0,0,0,0,0,0
"ENSMUSG00000053054",0,7,4,5,0,6,0,1,0,3,1,7,2,0,5,0,0,0,0,0,0,0,0,0,1,0
"ENSMUSG00000085020",0,0,0,1,0,0,0,0,0,0,0,0,0,0,0,0,0,0,0,0,0,0,0,0,0,0
"ENSMUSG00000086874",0,0,0,1,0,4,1,0,0,1,3,0,0,1,3,1,3,0,0,0,1,0,0,1,0,0
"ENSMUSG00000016524",0,0,0,2,0,0,1,0,0,2,0,0,0,0,1,6,0,127,0,0,2,0,0,1,5,2
"ENSMUSG00000084718",0,0,0,0,0,0,0,0,0,0,0,0,0,0,0,0,0,0,0,0,0,0,0,0,0,0
"ENSMUSG00000068219",0,0,0,0,0,0,0,0,0,0,0,0,0,0,0,0,0,0,0,0,0,0,0,0,0,0
"ENSMUSG00000029563",6,3,27,114,112,74,158,228,600,81,26,69,2,50,73,43,23,1,18,1,16,2,12,19,16,65
"ENSMUSG00000058017",0,0,0,0,1,0,0,0,0,0,0,0,0,0,0,0,0,0,0,0,0,0,0,0,0,0
"ENSMUSG00000082381",0,2,0,1,0,5,2,1,2,0,0,1,1,1,0,0,3,0,1,2,1,0,0,1,1,0
"ENSMUSG00000087510",0,0,0,0,0,0,0,0,0,0,0,0,0,0,0,0,0,0,0,0,0,0,0,0,0,0
"ENSMUSG00000026315",142,41,289,4731,3611,3113,670,719,1285,298,103,130,19,10,25,33,41,987,185,429,1186,303,1176,58,187,162
"ENSMUSG00000086957",0,0,2,0,0,0,0,0,0,0,0,0,0,0,0,0,0,0,0,0,0,0,0,0,3,0
"ENSMUSG00000036882",401,493,679,909,636,714,651,893,1241,403,281,350,171,213,338,221,268,337,320,285,394,68,267,139,128,195
"ENSMUSG00000068816",0,0,0,0,0,0,0,0,0,0,0,0,0,0,0,0,0,0,0,0,0,0,0,0,0,0
"ENSMUSG00000086641",0,0,0,0,0,3,8,7,4,9,1,4,0,0,10,2,4,0,0,0,0,0,0,0,0,0
"ENSMUSG00000089312",0,0,0,0,0,0,0,0,0,0,0,0,0,0,0,0,0,0,0,0,0,0,0,0,0,0
"ENSMUSG00000070697",1807,1297,1661,2844,2152,2504,1475,2076,2499,1096,741,1795,809,1030,2116,1844,1923,1962,1159,2506,1639,418,2757,877,1785,1900
"ENSMUSG00000083244",0,0,0,0,0,0,0,0,0,0,0,0,0,0,0,0,0,0,0,0,0,0,0,0,0,0
"ENSMUSG00000056771",289,214,320,371,357,408,137,205,260,317,273,311,289,195,496,553,530,1164,960,928,544,83,237,295,519,610
"ENSMUSG00000091962",0,0,0,0,0,0,0,1,0,0,0,0,0,0,0,0,0,0,0,0,0,0,0,0,0,0
"ENSMUSG00000080968",2,0,1,1,2,2,0,2,1,0,0,0,0,0,3,0,3,4,1,0,1,1,0,0,1,0
"ENSMUSG00000031506",0,0,0,1,1,0,0,0,2,0,0,1,0,0,2,0,0,0,0,2,0,0,2,5,0,1
"ENSMUSG00000051046",0,0,0,0,0,0,0,0,0,0,0,0,0,0,0,0,0,0,0,0,0,0,0,0,0,0
"ENSMUSG00000097288",14,0,0,5,6,5,5,17,19,7,3,10,4,38,2,3,5,0,0,24,4,0,1,7,6,9
"ENSMUSG00000074003",1,3,0,0,1,1,0,0,1,0,0,0,0,0,0,0,0,0,0,0,0,0,0,1,0,0
"ENSMUSG00000048988",92,69,91,3746,3143,2968,560,452,765,820,653,1941,1121,1525,2637,2179,2822,5788,3337,3552,3999,553,3585,471,843,722
"ENSMUSG00000098498",0,0,0,0,0,0,0,0,0,0,0,0,0,0,0,0,0,0,0,0,0,0,0,0,0,0
"ENSMUSG00000043614",98,97,93,53,41,31,39,74,112,13,14,69,26,114,30,52,67,121,90,94,32,7,62,20,97,150
"ENSMUSG00000036813",0,0,0,0,0,0,0,0,0,0,0,0,0,0,0,0,0,0,0,0,0,0,0,0,0,3
"ENSMUSG00000077256",0,0,0,0,0,0,0,0,0,0,0,0,0,0,0,0,0,0,0,0,0,0,0,0,0,0
"ENSMUSG00000026301",0,0,0,13,11,8,11,13,16,0,1,0,0,0,0,0,0,0,0,1,0,0,0,0,1,0
"ENSMUSG00000015340",93,30,44,4,12,7,2,2,0,6,3,6,0,0,14,0,1,0,0,0,0,0,8,0,0,1
"ENSMUSG00000083608",0,0,0,0,0,0,0,0,0,0,0,2,0,0,1,1,0,0,0,0,1,1,1,0,0,0
"ENSMUSG00000092483",0,0,0,0,0,0,0,0,0,0,0,0,0,0,0,0,0,0,0,0,0,0,0,1,2,0
"ENSMUSG00000064967",0,0,3,0,0,0,0,0,0,1,0,0,0,0,0,0,0,0,0,0,0,0,0,0,0,3
"ENSMUSG00000006304",17053,12528,16592,14151,11420,12984,13169,18315,26081,5004,4476,10276,4011,5152,9943,9230,10033,15085,9130,13296,8965,1820,12301,3801,8701,9696
"ENSMUSG00000027472",6033,3952,5065,1874,1622,1719,1603,2168,3252,1081,1148,3928,1354,1463,2418,2753,2133,4967,2218,4497,1692,423,2941,1225,5683,4374
"ENSMUSG00000085424",0,0,0,0,0,1,0,0,0,0,2,3,1,0,0,0,0,0,0,0,0,0,0,0,0,0
"ENSMUSG00000089735",2,0,1,7,8,9,13,21,21,4,0,2,15,2,7,17,12,5,7,21,17,4,2,1,9,9
"ENSMUSG00000065266",0,0,0,0,0,0,0,0,0,0,0,0,0,0,0,0,0,0,0,0,0,0,0,0,0,0
"ENSMUSG00000039519",65,24,72,46,61,59,49,50,56,126,131,380,129,140,273,271,383,704,497,407,247,57,420,75,149,260
"ENSMUSG00000049160",0,0,3,2,6,17,3,2,8,5,1,7,0,0,0,3,5,0,0,0,0,0,0,2,4,2
"ENSMUSG00000091422",0,0,0,0,0,0,0,0,0,0,0,0,0,0,0,0,0,0,0,0,0,0,0,0,0,0
"ENSMUSG00000085006",2,1,0,0,0,1,0,4,2,1,0,1,0,3,1,0,1,0,2,1,1,0,2,0,0,3
"ENSMUSG00000003808",852,760,1115,689,526,518,341,598,673,381,285,986,340,724,1002,953,1012,2235,784,1465,529,128,458,261,586,735
"ENSMUSG00000048388",8916,6020,8676,13657,11316,12310,4927,6358,10326,3907,2570,4944,2421,2874,7558,6337,7475,12825,7263,9202,10007,1873,8446,1632,4461,5659
"ENSMUSG00000064850",0,0,0,0,0,0,0,0,0,0,0,0,0,0,0,0,0,0,0,0,0,0,0,0,0,0
"ENSMUSG00000056531",8,7,15,54,48,53,12,13,35,68,7,10,6,1,7,33,24,1,2,30,18,19,29,5,8,15
"ENSMUSG00000094983",0,0,0,0,0,0,0,0,0,0,1,0,0,0,0,0,0,2,0,0,0,1,0,0,1,1
"ENSMUSG00000046432",23627,18079,25530,5650,3947,4340,3856,5767,8126,1539,1155,4824,810,2043,2093,1535,1708,1352,1458,3820,999,381,1205,2089,9218,10509
"ENSMUSG00000060183",0,3,0,0,5,3,4,3,2,0,0,1,3,0,14,0,5,0,0,8,3,0,0,2,7,25
"ENSMUSG00000041907",55,53,58,48,48,57,11,8,22,6,30,28,3,8,30,4,11,130,14,21,24,6,4,2,10,11
"ENSMUSG00000087123",1,0,1,0,1,0,0,0,0,0,0,0,0,0,0,0,0,0,0,0,0,0,0,0,0,0
"ENSMUSG00000097137",0,0,0,0,0,0,0,0,0,0,0,0,1,0,0,0,0,0,0,0,0,0,0,0,0,0
"ENSMUSG00000087943",97,82,123,84,91,63,46,67,110,72,60,159,448,193,231,202,90,12,330,139,162,45,261,472,78,104
"NA",NA,NA,NA,NA,NA,NA,NA,NA,NA,NA,NA,NA,NA,NA,NA,NA,NA,NA,NA,NA,NA,NA,NA,NA,NA,NA
"ENSMUSG00000040389",5896,4510,6366,7905,6616,7472,5320,7377,10099,2841,2521,3683,1677,1970,4037,3787,5015,6688,3902,5080,4775,1047,4230,1591,2863,3781
"ENSMUSG00000008730",7227,6163,8187,9973,9008,9614,5456,7889,10189,4868,3184,3863,1922,2253,3763,4013,4263,5556,3900,4393,5673,1054,3202,2290,4533,6183
"ENSMUSG00000086848",4,1,0,9,5,1,0,0,0,1,3,18,7,5,16,22,17,1,12,114,7,1,16,15,16,55
"ENSMUSG00000086164",0,1,0,0,1,4,1,0,0,2,4,4,2,0,0,0,1,0,0,0,0,0,0,2,5,6
"ENSMUSG00000094122",6,1,0,1,2,1,0,0,0,0,0,0,0,0,1,0,1,0,0,0,0,0,0,2,1,0
"ENSMUSG00000072677",0,0,0,0,0,0,0,0,0,0,0,0,0,0,0,0,0,0,0,0,0,0,0,0,0,0
"ENSMUSG00000092405",0,0,0,0,0,0,0,0,0,0,0,0,0,0,0,0,0,0,0,0,0,0,0,0,0,0
"ENSMUSG00000029840",20747,14882,19526,25881,24023,26043,13772,19233,28837,23775,26643,12629,3165,4472,9616,9734,11608,13348,10986,13932,16298,9352,19437,2553,8505,10225
"ENSMUSG00000042849",0,0,0,0,0,0,0,0,0,0,0,0,0,0,0,0,1,0,0,0,0,0,0,0,0,1
"ENSMUSG00000029538",880,674,900,307,268,265,193,344,485,171,165,460,111,227,330,295,286,414,352,368,120,57,346,160,671,709
"ENSMUSG00000027765",1694,1390,1919,1520,2098,2351,28077,38861,54603,12795,15449,18008,452,693,1345,1201,1308,1907,713,934,1502,411,1288,419,1323,2109
"ENSMUSG00000041556",368,159,231,1966,3384,1589,1782,2481,2635,3502,2335,10033,3624,8663,14534,15878,10668,15399,12050,16163,7647,1471,8818,3300,8044,8596
"ENSMUSG00000038860",3590,2682,3605,4317,3546,3771,3308,4299,6471,1018,914,2216,887,1204,2845,2553,3452,5937,2271,3645,3968,573,3164,302,427,501
"ENSMUSG00000086405",2,4,0,9,7,9,0,4,7,5,1,4,0,11,0,0,0,0,0,4,0,1,2,2,7,14
"ENSMUSG00000078041",0,0,0,0,0,0,0,0,0,0,0,0,0,0,0,0,0,0,0,0,0,0,0,0,0,0
"ENSMUSG00000062661",6521,4469,6332,3485,3075,3123,2611,3765,5218,2379,2123,4670,3467,3669,6819,7616,8337,8032,8092,7873,4865,731,3919,2996,6143,7815
"ENSMUSG00000092764",0,0,0,0,0,0,0,0,0,2,1,0,0,0,0,0,0,0,0,0,0,0,0,0,0,0
"ENSMUSG00000074738",0,0,0,0,0,0,0,0,0,0,0,0,0,0,0,0,0,0,0,0,0,0,0,0,0,0
"ENSMUSG00000094439",0,0,0,0,0,0,0,0,0,0,0,0,0,0,0,2,0,0,0,0,0,0,0,1,0,0
"ENSMUSG00000036093",4194,2835,3949,7086,5867,6345,3816,5777,7187,3713,3760,5058,1768,2425,4890,5155,5429,6875,5473,5292,4448,858,3986,1060,3040,3447
"ENSMUSG00000052951",3,0,9,12,13,29,6,9,1,5,5,4,6,13,38,6,39,33,1,0,9,1,14,26,19,36
"ENSMUSG00000041237",5,5,1,4,0,1,1,2,3,0,0,0,1,0,3,0,2,0,4,0,0,0,0,0,0,0
"ENSMUSG00000041037",12499,10229,14195,16182,12042,15405,10787,15020,20442,7718,5053,13962,5494,7111,14893,13601,17238,18172,16077,20010,14600,1734,12878,6904,14476,14730
"ENSMUSG00000031266",1734,1219,1921,1430,1324,1308,796,1015,1422,793,738,1225,672,829,1232,1156,1273,2092,1191,1174,1417,246,1895,467,991,1000
"ENSMUSG00000098885",0,0,0,0,0,0,0,0,0,0,0,0,0,0,2,0,1,0,0,0,0,0,0,0,0,0
"ENSMUSG00000084295",0,0,0,0,0,0,0,0,0,0,0,0,0,0,0,0,0,0,0,0,0,0,0,0,0,0
"ENSMUSG00000026374",4313,3093,4052,2406,2206,2200,1544,2256,2886,1390,1337,3538,1368,2451,2760,2516,2694,5414,2681,2898,1797,396,2433,1469,4271,5754
"ENSMUSG00000073555",2,0,8,10,6,12,3,2,1,11,5,1,1,8,8,0,2,0,0,1,0,0,0,0,1,4
"ENSMUSG00000048398",0,0,0,0,0,0,0,0,0,0,0,0,1,0,0,1,0,0,0,0,0,0,0,1,0,0
"ENSMUSG00000069080",0,0,0,0,0,0,0,0,0,0,0,0,0,0,0,0,0,0,0,0,0,0,0,0,0,0
"ENSMUSG00000081168",0,0,0,0,0,0,0,0,0,0,0,0,0,0,0,0,0,0,0,0,0,0,0,0,0,0
"ENSMUSG00000086699",0,0,0,0,0,0,0,0,0,0,0,0,1,0,0,1,0,0,0,0,0,0,0,0,0,0
"ENSMUSG00000026650",56,14,35,30,7,18,4,7,6,7,2,4,0,8,0,1,4,0,0,5,3,3,25,2,7,15
"ENSMUSG00000072995",0,0,0,0,0,0,0,0,0,0,0,0,0,0,0,0,0,0,0,0,1,0,0,0,0,0
"ENSMUSG00000094155",0,0,0,0,0,0,0,0,0,0,0,0,0,0,0,0,0,0,0,0,0,0,0,0,0,0
"ENSMUSG00000083438",1,0,0,0,1,0,0,1,1,0,0,0,0,0,1,0,0,0,0,0,0,0,1,1,0,4
"ENSMUSG00000074994",1700,1332,1791,2253,1894,2341,1358,2037,2998,1833,1514,1332,662,700,1476,1488,1803,1610,1163,1468,1308,419,737,577,1307,1511
"ENSMUSG00000094382",0,0,0,1,0,1,0,0,0,0,0,1,0,0,2,0,0,0,0,0,0,0,0,0,0,0
"ENSMUSG00000059371",0,0,0,0,0,0,0,0,0,0,0,0,0,0,0,0,0,0,0,0,0,0,0,0,0,0
"ENSMUSG00000058665",0,1,0,1,1,0,0,0,0,16,12,0,0,0,0,0,0,0,0,0,0,0,0,0,1,0
"ENSMUSG00000038092",0,0,0,154,80,142,0,0,0,0,0,0,0,0,0,0,0,0,0,0,0,0,0,0,0,0
"ENSMUSG00000084758",1,0,0,1,0,0,0,0,0,0,0,0,0,0,0,0,0,0,0,0,0,0,0,0,0,0
"ENSMUSG00000053389",0,0,0,0,0,0,0,0,0,0,0,0,0,0,0,0,0,0,0,0,0,0,0,0,0,0
"ENSMUSG00000097193",5,10,7,12,9,4,6,6,9,2,2,0,2,4,0,2,8,0,4,16,8,3,0,1,12,33
"ENSMUSG00000090427",0,0,0,1,0,0,0,0,1,0,0,0,0,0,0,0,0,0,0,0,0,0,0,0,0,0
"ENSMUSG00000026034",1273,661,1669,3369,1264,3354,1896,2944,3735,2112,896,480,295,526,2499,1343,1275,484,1038,1486,791,252,923,139,566,1350
"ENSMUSG00000064606",0,0,0,0,0,0,0,0,0,0,0,0,0,0,0,0,0,0,0,0,0,0,0,0,0,0
"ENSMUSG00000083199",9,0,1,4,3,7,4,3,4,2,1,2,1,0,11,11,5,0,3,5,2,2,5,2,4,4
"ENSMUSG00000092627",0,0,0,0,0,0,0,0,0,0,0,0,0,0,0,0,0,0,0,0,0,0,0,0,0,0
"ENSMUSG00000030652",433,364,463,323,293,255,189,239,430,510,395,1061,251,758,764,729,969,837,591,1670,312,168,934,313,1274,1361
"ENSMUSG00000077207",0,0,0,0,0,0,0,0,0,0,0,0,0,0,0,0,0,0,0,0,0,0,0,0,0,0
"ENSMUSG00000098459",0,0,0,0,0,0,0,0,1,0,0,0,0,0,0,0,0,0,0,0,0,0,0,0,0,0
"ENSMUSG00000045684",0,0,0,0,0,0,0,0,0,0,0,0,0,0,0,0,0,0,0,0,0,0,0,0,0,0
"ENSMUSG00000093941",0,0,0,0,0,0,0,0,0,0,0,0,0,0,0,0,0,0,0,0,0,0,0,0,0,0
"ENSMUSG00000098703",0,0,0,0,0,0,0,1,1,3,0,0,0,0,0,1,0,0,0,0,0,0,0,0,0,0
"ENSMUSG00000094768",0,0,0,0,0,0,0,0,0,0,0,0,0,0,0,0,0,0,0,0,0,0,0,0,0,0
"ENSMUSG00000073753",3,2,3,7,9,3,5,8,17,0,2,1,1,0,0,5,9,0,1,0,3,1,2,2,4,7
"ENSMUSG00000055707",701,454,708,591,590,588,380,528,856,320,217,696,250,434,582,545,664,848,606,514,573,104,760,204,499,641
"ENSMUSG00000076467",0,0,0,0,0,0,0,0,0,0,0,0,0,0,0,0,0,0,0,0,0,0,0,0,0,0
"ENSMUSG00000085397",3,1,4,6,3,4,0,5,2,2,1,5,7,1,2,0,2,0,0,0,0,0,0,1,1,5
"ENSMUSG00000086328",0,0,5,1,5,1,0,1,0,0,3,8,2,0,2,4,5,0,3,19,16,5,8,12,14,16
"ENSMUSG00000096939",3,3,2,0,3,0,1,1,0,0,1,2,4,1,1,4,0,6,0,6,0,2,0,2,3,4
"ENSMUSG00000078762",28,12,28,16,21,27,9,16,22,4,1,18,4,3,25,13,15,11,20,7,9,1,13,8,20,25
"ENSMUSG00000028848",270,139,247,111,94,98,72,108,196,59,58,198,81,139,230,147,115,48,147,195,67,30,109,76,244,215
"ENSMUSG00000094946",0,0,0,0,0,0,0,0,0,0,0,0,0,0,0,0,0,0,0,0,0,0,0,0,0,0
"ENSMUSG00000026070",7,0,0,2,0,0,0,1,3,0,0,0,0,0,0,0,0,0,0,0,1,0,0,0,0,0
"ENSMUSG00000084851",0,0,0,0,1,0,0,0,0,0,0,0,0,0,0,0,0,0,0,0,0,0,0,0,0,0
"ENSMUSG00000026156",163,72,53,341,172,188,116,121,190,37,31,58,52,99,142,137,162,25,38,32,18,10,4,40,50,82
"ENSMUSG00000059503",0,0,0,0,0,0,0,0,0,0,0,0,0,0,0,0,0,35,0,0,0,0,0,0,0,0
"ENSMUSG00000082759",0,0,0,0,0,0,0,0,0,0,0,0,0,0,0,0,0,0,0,0,0,0,0,0,0,0
"ENSMUSG00000045148",0,0,0,0,0,0,0,0,0,0,0,0,0,1,0,0,0,0,0,0,0,0,0,0,0,0
"ENSMUSG00000075415",17293,13835,18940,12391,10406,12502,11095,15878,22865,7544,6390,9630,4721,5041,9227,8708,9854,9692,8155,12853,12483,2242,9685,4981,9298,9564
"ENSMUSG00000087269",91,32,60,29,15,18,28,50,40,18,9,27,20,4,31,21,18,41,46,34,12,8,22,29,178,104
"ENSMUSG00000096411",0,0,0,0,0,0,0,0,0,0,0,0,0,0,0,0,0,0,0,0,0,0,0,0,0,0
"ENSMUSG00000031388",649,365,580,215,144,140,90,138,202,63,64,319,106,154,329,175,177,270,206,279,100,37,230,87,480,593
"ENSMUSG00000065435",0,0,0,0,0,0,0,0,0,1,0,0,0,0,0,0,0,0,0,0,0,0,0,0,0,0
"ENSMUSG00000089730",0,0,0,3,2,0,0,0,0,0,1,0,1,0,1,0,0,0,0,25,2,2,6,0,0,0
"ENSMUSG00000082734",0,0,0,0,0,0,0,0,0,0,0,0,0,0,0,0,0,0,0,0,0,0,0,0,0,0
"ENSMUSG00000039382",1370,1065,1391,1131,984,1031,830,1063,1686,485,558,1579,622,1022,1917,1411,1593,1566,1406,2192,739,170,1115,590,1711,1897
"ENSMUSG00000026447",275,242,162,333,406,477,230,534,220,499,518,877,263,428,872,661,898,242,170,515,499,80,284,137,264,409
"ENSMUSG00000049536",1817,1046,1495,1120,974,967,632,910,1428,2801,1684,1228,396,562,655,681,780,1182,648,1039,420,452,797,336,1705,1907
"ENSMUSG00000034574",6902,4809,7676,4781,4224,4617,4140,5627,8945,2955,2235,3558,2658,2629,6125,6354,7341,9008,4732,6062,7237,1441,6756,1813,3194,3782
"ENSMUSG00000084026",0,0,0,0,0,0,0,0,0,0,0,0,0,0,0,0,0,0,0,0,0,0,0,0,0,0
"ENSMUSG00000092777",0,0,0,0,0,0,0,0,0,0,0,0,0,0,0,0,0,0,0,0,0,0,0,0,0,0
"ENSMUSG00000035427",0,0,0,0,0,0,0,0,0,0,0,0,0,0,0,0,0,0,0,0,0,0,0,0,0,0
"ENSMUSG00000023191",4,9,11,64,61,59,37,28,76,34,23,61,33,74,66,63,138,61,147,23,31,5,17,31,68,117
"ENSMUSG00000056586",0,2,1,0,0,0,0,0,1,0,1,0,0,0,0,0,0,0,0,2,0,0,14,1,25,35
"ENSMUSG00000038422",135,110,183,83,78,84,41,93,76,43,28,200,58,268,152,83,159,12,175,286,77,22,131,106,303,509
"ENSMUSG00000093161",0,0,0,0,0,0,0,0,0,0,0,0,0,0,0,0,0,0,0,0,0,0,0,0,0,0
"ENSMUSG00000020423",360,855,1326,5526,4024,2981,1098,1341,2395,1085,751,1197,488,700,2116,724,450,458,367,781,667,206,862,1064,1949,3444
"ENSMUSG00000095420",0,0,0,0,0,0,0,0,0,0,0,0,0,0,0,0,0,0,0,0,0,0,0,0,0,0
"ENSMUSG00000028427",2,1,1,0,0,2,0,0,0,1,0,0,1,0,1,0,0,0,0,0,1,1,0,1,1,1
"ENSMUSG00000073018",7,0,16,18,3,13,12,7,11,2,2,0,5,1,0,3,5,0,0,0,1,0,3,0,3,2
"ENSMUSG00000025931",2093,1448,2103,4887,4135,4247,1210,1256,2213,2239,1579,2975,1480,1191,3284,3068,3369,4205,3228,3678,4477,863,3312,1496,2974,3723
"ENSMUSG00000097272",0,0,0,0,0,0,0,0,0,0,0,0,0,0,0,0,0,0,0,0,0,0,0,0,0,0
"ENSMUSG00000025759",662,454,704,805,638,688,290,368,567,308,323,520,126,138,709,426,558,408,320,484,407,97,391,127,453,490
"ENSMUSG00000095531",0,0,0,0,0,0,0,0,0,0,0,0,0,0,0,0,0,0,0,0,0,0,0,0,0,0
"ENSMUSG00000098307",0,0,0,0,0,0,0,0,0,0,0,0,0,0,0,0,0,0,0,0,0,0,0,0,0,0
"ENSMUSG00000094363",0,0,0,0,0,0,0,0,0,0,0,0,0,0,0,0,0,0,0,0,0,0,0,0,0,0
"ENSMUSG00000044141",15,1,21,9,6,6,1,1,4,1,0,0,0,0,8,3,2,0,1,1,3,1,1,1,6,5
"ENSMUSG00000028712",0,0,0,0,0,0,0,0,0,0,0,0,0,0,0,0,0,0,0,0,0,0,0,0,0,0
"ENSMUSG00000083277",0,0,0,0,1,1,0,0,0,0,8,0,1,0,1,1,1,0,0,0,0,0,0,0,0,0
"ENSMUSG00000099173",0,0,0,0,0,0,0,0,0,0,0,0,0,0,0,0,0,0,0,0,0,0,0,0,0,0
"ENSMUSG00000057047",0,0,0,0,0,0,0,0,0,0,0,0,0,0,0,0,0,0,0,0,0,0,0,0,0,0
"ENSMUSG00000096879",0,0,0,0,0,0,0,0,0,0,0,0,0,0,0,0,0,0,0,0,0,0,0,0,0,0
"ENSMUSG00000066752",0,0,0,0,2,0,0,0,1,0,0,0,0,0,0,0,0,0,0,0,0,0,1,0,1,0
"ENSMUSG00000064923",0,0,0,0,0,0,0,0,0,0,0,0,0,0,0,0,0,0,0,0,0,0,0,0,0,0
"ENSMUSG00000098786",0,0,0,0,0,2,0,0,1,0,0,0,0,0,1,0,0,0,0,0,0,0,0,0,0,0
"ENSMUSG00000081954",0,0,0,0,0,0,0,0,0,0,0,0,0,0,0,0,1,0,0,0,0,0,0,0,0,0
"ENSMUSG00000065259",0,0,1,5,1,3,4,5,3,0,2,0,1,0,0,0,0,0,0,0,0,0,0,0,0,13
"ENSMUSG00000083202",0,0,1,0,0,0,0,0,0,0,0,1,0,0,0,0,0,0,0,0,0,0,1,0,0,0
"ENSMUSG00000054455",6721,4309,6468,8772,7043,7882,4421,6337,8504,4060,3613,6134,3227,4064,6597,6532,6424,9652,4246,7718,8910,1761,8450,3469,5508,6426
"ENSMUSG00000015290",7692,5963,8145,4646,4137,4487,3226,4689,6592,2803,2043,3337,869,1346,2593,2070,2315,4838,2433,3957,2404,634,3115,940,3284,3554
"ENSMUSG00000028840",47,40,77,25,21,24,19,25,47,22,5,40,7,33,7,4,20,12,2,52,7,2,78,1,27,43
"ENSMUSG00000096895",0,0,0,0,0,0,0,0,0,0,0,0,0,0,0,0,0,0,0,0,0,0,0,0,0,0
"ENSMUSG00000031618",242,54,183,1025,935,1073,629,876,1102,774,723,894,911,812,1575,1533,1765,3307,2637,2673,2232,409,1833,658,1261,1419
"ENSMUSG00000095591",0,0,0,0,0,0,0,0,0,0,0,0,0,0,0,0,0,0,0,0,0,0,0,0,0,0
"ENSMUSG00000088314",0,0,0,0,0,0,0,0,0,0,0,0,0,0,0,0,0,0,0,0,0,0,0,0,0,0
"ENSMUSG00000033767",4554,3750,5074,3790,2915,3474,4316,6565,8736,1537,1726,4252,868,1330,2136,1922,2817,2483,1502,2466,2693,425,2130,416,694,858
"ENSMUSG00000028602",0,0,0,0,0,0,2,0,0,1,2,0,1,0,0,0,6,0,0,0,3,0,0,0,0,0
"ENSMUSG00000073559",5,1,3,1,1,0,0,0,2,0,1,2,1,0,0,0,0,1,1,7,0,0,1,2,1,0
"ENSMUSG00000017733",0,14,8,7,11,10,172,269,290,1,2,0,3,0,0,0,0,0,0,0,4,1,21,2,0,1
"ENSMUSG00000089826",0,0,0,0,0,0,0,0,0,0,0,0,0,0,0,0,0,0,0,0,0,0,0,0,0,0
"ENSMUSG00000055172",0,1,1,4,4,4,2,1,5,4,9,0,2,4,0,0,2,0,0,0,1,0,0,2,0,7
"ENSMUSG00000016493",39,11,30,41,40,43,36,30,77,23,42,8,9,28,22,5,26,1,0,39,13,1,24,6,18,6
"ENSMUSG00000026208",1,0,0,2,1,7,0,1,1,28,5,16,11,5,4,21,7,4,0,0,1,0,0,4,0,1
"ENSMUSG00000096480",0,0,0,0,0,0,0,0,0,0,0,0,0,0,0,0,0,0,0,0,0,0,0,0,0,0
"ENSMUSG00000073141",0,0,0,0,0,0,0,0,0,0,0,0,0,0,0,0,0,0,1,0,0,0,0,0,0,0
"ENSMUSG00000077995",0,0,0,0,0,0,0,0,0,0,0,0,0,0,0,0,0,0,0,0,0,0,0,0,0,0
"ENSMUSG00000088339",0,0,0,0,0,0,0,0,0,0,0,0,0,0,0,0,0,0,0,0,0,0,0,0,0,0
"ENSMUSG00000081439",2,0,0,0,0,0,0,1,0,1,0,0,0,0,0,0,0,0,0,0,0,0,0,0,0,0
"ENSMUSG00000095850",0,0,0,0,0,0,0,0,0,0,0,0,0,0,0,0,0,0,0,0,0,0,0,0,0,0
"ENSMUSG00000080966",12,5,17,13,9,9,7,5,10,3,3,5,2,3,3,2,9,48,4,5,8,2,7,4,5,9
"ENSMUSG00000089287",0,0,0,0,0,0,0,0,0,0,0,0,0,0,0,0,0,0,0,0,0,0,0,0,0,0
"ENSMUSG00000039391",19,11,9,37,16,20,6,24,9,16,12,13,10,1,9,28,3,3,11,35,15,4,47,3,8,21
"ENSMUSG00000086593",0,0,0,0,0,0,0,0,0,0,0,0,0,0,0,0,0,0,0,0,0,0,0,0,0,0
"ENSMUSG00000064992",0,0,0,0,0,0,0,0,0,0,0,0,0,0,0,0,0,0,0,0,0,0,0,0,0,0
"ENSMUSG00000094714",0,0,0,0,0,0,0,0,0,0,0,0,0,0,0,0,0,0,0,0,0,0,0,0,0,0
"ENSMUSG00000090131",0,0,0,0,0,0,0,0,0,2,0,0,0,0,0,0,0,0,0,0,0,0,0,0,0,0
"ENSMUSG00000094501",0,0,0,0,0,0,0,0,0,0,0,0,0,0,0,0,0,0,0,0,0,0,0,0,0,0
"ENSMUSG00000029518",1357,1044,1545,1109,873,924,780,1041,1629,441,479,1530,454,793,1408,1026,1127,1588,923,1166,715,169,912,428,1225,1326
"ENSMUSG00000093447",1,0,12,9,3,8,1,3,3,15,8,11,6,6,5,8,3,7,5,6,2,3,3,11,11,9
"ENSMUSG00000029685",0,0,7,6,0,1,0,7,7,6,2,28,0,0,3,8,7,2,0,2,0,1,0,13,19,12
"ENSMUSG00000095375",0,0,0,0,0,0,0,0,0,0,0,0,0,0,0,0,0,0,0,0,0,0,0,0,0,0
"ENSMUSG00000091318",6,3,5,14,17,13,0,2,13,1,5,0,1,0,4,1,0,0,0,0,0,1,0,0,2,2
"ENSMUSG00000028826",2134,1548,2252,4485,3368,3259,2142,2802,4401,1381,1045,1656,637,837,1931,1842,2134,2065,1566,2135,1951,381,1983,774,1218,1319
"ENSMUSG00000082193",7,8,3,3,5,4,3,3,6,1,0,3,3,0,0,0,0,2,1,1,2,0,2,0,1,0
"ENSMUSG00000087110",0,0,0,0,4,4,3,0,4,0,0,0,0,0,0,0,1,0,0,0,0,0,0,0,0,0
"ENSMUSG00000082773",0,0,0,0,0,0,0,0,0,1,0,0,0,0,0,0,0,0,0,0,0,0,0,0,0,0
"ENSMUSG00000055900",194,141,247,334,186,257,115,214,273,133,119,214,127,251,231,154,195,216,244,265,246,35,386,111,248,224
"ENSMUSG00000040181",108,95,193,657,940,1048,271,431,948,710,429,838,444,1584,1745,1267,1598,747,1018,985,700,192,452,715,1827,2560
"ENSMUSG00000032724",2166,1564,2463,2658,1951,2168,4490,6298,10145,2653,2876,7278,1845,3002,5183,5088,5760,4552,1117,1560,2721,513,2854,393,883,895
"ENSMUSG00000042213",20,14,15,102,105,110,31,40,87,62,14,34,17,82,74,60,57,172,54,128,29,13,53,45,61,101
"ENSMUSG00000081536",0,0,0,0,0,0,0,0,0,0,0,0,0,0,0,0,0,0,0,0,0,0,0,0,0,0
"ENSMUSG00000083811",7,5,0,0,5,3,2,5,4,1,3,0,3,0,0,7,0,0,0,1,3,0,0,9,3,16
"ENSMUSG00000065353",0,0,0,0,0,0,0,0,0,0,0,0,0,0,0,0,0,0,0,0,0,0,0,0,0,0
"ENSMUSG00000029203",6787,5506,6944,7859,6811,7211,4153,5886,7240,4882,3735,6226,3347,3836,7204,7681,7057,12588,6542,9127,7150,1469,8219,3260,8562,8652
"ENSMUSG00000029545",78,60,77,88,48,63,45,65,86,43,45,140,67,221,200,111,140,161,209,198,121,27,133,63,126,113
"ENSMUSG00000067597",0,0,0,0,0,0,0,0,0,1,0,0,0,0,0,0,0,0,0,0,0,0,0,0,0,0
"ENSMUSG00000015665",0,0,0,0,0,0,0,0,0,0,0,0,0,0,0,0,0,0,0,0,0,0,0,0,0,0
"ENSMUSG00000096364",2,5,5,6,7,2,2,0,0,0,1,0,0,0,0,0,1,0,0,0,0,0,3,0,0,0
"ENSMUSG00000031779",0,0,0,0,1,3,0,3,0,0,0,0,0,0,0,0,0,0,0,0,0,0,0,0,0,1
"ENSMUSG00000088367",0,0,0,0,0,0,0,0,0,0,0,0,0,0,0,1,0,0,0,0,0,0,0,0,0,0
"ENSMUSG00000074965",0,0,0,0,0,0,0,0,0,0,0,0,0,0,0,0,0,0,0,0,0,0,0,0,0,0
"ENSMUSG00000081514",0,0,0,0,0,0,0,0,1,0,0,0,0,0,0,0,0,0,0,0,0,0,0,1,0,1
"ENSMUSG00000098273",0,0,0,0,0,0,0,0,0,0,0,0,0,0,0,0,0,0,0,0,0,0,0,0,0,0
"ENSMUSG00000083076",5,6,4,12,17,12,4,10,14,92,115,7,23,1,5,10,5,6,4,2,2,15,3,23,10,8
"ENSMUSG00000029433",6904,5931,8176,11500,8231,9520,3391,4250,5980,2767,2034,6768,2435,3917,6055,5016,5216,9825,3559,7593,3614,859,4537,3897,10891,12121
"ENSMUSG00000099150",0,0,0,5,8,6,0,0,1,0,0,0,0,0,0,0,0,0,0,0,0,0,0,0,0,0
"ENSMUSG00000025757",17096,13260,17075,23603,18916,22686,12157,16302,23423,16067,14715,14604,6295,7634,20429,18132,24275,27008,15617,21838,22125,4683,20915,4906,14668,15366
"ENSMUSG00000096860",0,0,0,0,0,0,0,0,0,0,0,0,0,0,0,0,0,0,0,0,0,0,0,0,0,0
"ENSMUSG00000052005",0,0,1,0,0,0,0,0,0,0,0,0,0,0,1,0,0,0,1,0,0,0,0,0,0,0
"ENSMUSG00000082494",14,2,4,19,6,16,9,8,4,5,3,4,1,0,11,6,15,0,22,59,22,1,11,0,20,16
"ENSMUSG00000084640",0,0,0,0,0,0,0,0,0,0,0,0,0,0,0,0,0,0,0,0,0,0,0,0,0,0
"ENSMUSG00000030203",405,275,672,1514,1195,1163,368,534,952,577,300,445,344,578,863,633,758,335,682,663,418,97,283,337,862,998
"ENSMUSG00000065409",0,0,0,1,0,0,1,1,0,0,0,0,0,2,0,0,1,0,0,0,0,0,0,0,0,0
"ENSMUSG00000065837",0,0,0,0,0,0,0,0,0,0,0,0,0,0,0,0,0,0,0,0,0,0,0,0,0,0
"ENSMUSG00000093990",0,0,0,0,0,0,0,0,0,0,0,0,0,0,0,0,0,0,0,0,0,0,0,0,0,0
"ENSMUSG00000083846",0,0,0,0,0,0,0,0,0,0,0,0,0,0,0,0,0,0,0,0,0,0,0,0,0,0
"ENSMUSG00000048824",0,0,8,1,0,0,0,0,0,0,0,0,0,0,0,0,2,0,0,0,0,0,0,0,0,2
"ENSMUSG00000084421",0,1,0,1,0,0,0,0,1,0,0,0,0,0,0,2,1,0,0,0,0,0,0,1,0,0
"ENSMUSG00000079998",0,0,0,0,0,0,0,0,0,0,1,0,0,0,0,0,0,0,0,0,1,0,0,0,2,0
"ENSMUSG00000077517",0,0,0,0,0,0,0,0,0,0,0,0,0,0,0,0,0,0,0,0,0,0,0,0,0,0
"ENSMUSG00000081941",0,0,1,0,0,0,0,0,1,0,0,0,0,0,0,0,0,0,0,0,0,0,0,0,0,0
"ENSMUSG00000037339",218,146,241,125,83,120,63,98,169,117,69,84,33,82,57,69,68,72,24,43,48,38,95,30,97,173
"ENSMUSG00000073995",7,0,0,1,2,7,4,2,8,1,5,2,0,0,1,2,0,0,0,0,2,0,0,0,0,1
"ENSMUSG00000081977",0,0,0,0,0,0,0,0,0,0,0,0,0,0,0,0,0,0,0,0,0,0,0,0,1,0
"ENSMUSG00000098315",0,0,0,0,0,0,0,0,1,0,0,0,0,0,0,0,0,0,0,0,0,0,0,0,0,0
"ENSMUSG00000087674",37,13,13,80,60,51,15,41,50,8,6,9,3,13,0,15,20,187,0,31,25,2,16,2,4,14
"ENSMUSG00000043924",32,16,21,115,84,59,28,35,92,96,17,130,12,47,9,5,29,36,7,86,101,11,12,9,22,22
"ENSMUSG00000080205",0,3,2,1,2,1,0,0,2,1,0,4,1,3,1,0,0,0,1,2,1,0,0,0,1,2
"ENSMUSG00000078877",169,75,91,195,245,162,231,259,371,172,138,139,46,77,60,147,111,291,265,266,184,52,206,42,184,197
"ENSMUSG00000095816",0,0,0,0,0,0,0,0,0,0,0,0,0,0,0,0,0,0,0,0,0,0,0,0,0,0
"ENSMUSG00000073982",999,850,1072,793,651,641,318,500,573,165,229,686,160,364,359,344,399,605,412,580,397,69,312,186,323,530
"ENSMUSG00000026664",1162,855,1219,2757,2393,2432,1412,1962,3036,2702,2446,3995,1277,2773,3489,2557,3259,3883,2371,3605,1433,461,2472,1811,5658,6839
"ENSMUSG00000038023",1127,938,1444,1674,1416,1705,1016,1566,1891,862,793,1535,917,1009,2226,1956,2401,3507,1688,2458,2404,359,1711,970,1393,1682
"ENSMUSG00000032657",51732,43606,61270,25237,22588,25320,10948,14109,21460,5824,5873,11047,5366,6510,9655,7762,9089,15909,8189,12618,10332,2117,9017,4233,6986,8602
"ENSMUSG00000058588",0,0,0,3,0,1,0,0,1,0,0,0,0,0,0,1,0,0,0,0,0,0,0,1,0,0
"ENSMUSG00000055555",5,5,11,47,26,37,12,14,25,51,24,71,33,72,51,110,63,135,97,176,32,25,80,25,164,121
"ENSMUSG00000079965",0,0,0,0,2,1,0,0,1,0,0,0,3,0,0,1,0,1,0,0,0,0,0,0,2,1
"ENSMUSG00000092934",0,0,0,0,0,0,0,0,0,0,0,0,0,0,0,0,0,0,0,0,0,0,0,0,0,0
"ENSMUSG00000089237",0,0,0,0,0,0,0,0,0,0,0,0,0,0,0,0,0,0,0,0,0,0,0,0,0,0
"ENSMUSG00000080813",0,0,0,1,0,1,0,1,1,0,0,1,0,0,0,1,2,0,0,0,0,0,2,0,0,0
"ENSMUSG00000026965",3337,2294,3769,3679,2651,3158,2383,3272,4646,1194,942,4022,1000,2624,4183,3412,3870,3745,2650,3842,2396,425,2963,1018,2578,2802
"ENSMUSG00000037568",7,35,7,320,215,197,46,31,119,123,96,207,132,107,252,378,365,95,458,414,163,26,157,51,57,124
"ENSMUSG00000083564",3,1,0,3,2,1,0,6,5,12,5,0,5,5,10,1,8,2,1,11,6,0,1,5,3,5
"ENSMUSG00000081086",0,0,0,1,0,1,0,0,0,0,0,0,0,0,0,0,0,0,1,0,0,0,0,0,0,2
"ENSMUSG00000084039",0,0,0,0,0,0,0,0,0,0,0,0,0,0,0,0,0,0,0,0,0,0,0,0,0,0
"ENSMUSG00000097456",1,11,28,21,18,7,16,9,36,47,16,12,14,0,5,12,4,0,0,0,7,2,15,3,6,20
"ENSMUSG00000076489",0,0,0,0,0,0,0,0,0,0,0,0,0,0,0,0,0,0,0,0,0,0,0,0,0,0
"ENSMUSG00000046287",2,2,1,96,105,76,151,265,377,64,28,68,35,4,97,72,82,179,98,100,17,8,23,74,137,165
"ENSMUSG00000028873",155,103,215,71,51,57,40,74,111,17,21,90,22,28,38,33,81,79,83,127,61,8,81,21,74,89
"ENSMUSG00000037035",0,3,19,11,14,36,4,8,54,15,21,90,20,148,59,64,95,1066,341,752,15,15,31,628,2741,2415
"ENSMUSG00000092917",0,0,0,0,0,0,0,0,0,0,0,0,0,0,0,0,0,0,0,0,0,0,0,0,0,0
"ENSMUSG00000094239",0,0,0,0,0,0,0,0,0,0,0,0,0,0,0,0,0,0,0,0,0,0,0,0,0,0
"ENSMUSG00000049593",0,0,0,0,0,1,0,0,0,0,0,0,0,0,0,0,1,0,1,0,0,1,1,4,0,13
"ENSMUSG00000097019",0,0,0,0,2,0,0,0,0,0,0,0,0,0,0,0,2,0,0,0,0,0,0,0,0,0
"ENSMUSG00000059631",0,0,1,1,7,5,2,6,3,1,2,0,0,0,0,0,0,0,0,0,0,0,0,0,1,3
"ENSMUSG00000083921",0,0,1,4,0,1,11,17,17,5,2,32,5,0,20,4,2,0,1,2,1,2,2,1,11,4
"ENSMUSG00000090458",0,0,0,0,0,0,0,0,0,0,0,0,0,0,0,0,0,0,0,0,0,0,0,0,0,0
"ENSMUSG00000028001",1,0,0,3,1,9,0,1,0,0,0,0,0,0,0,0,3,0,0,0,1,0,0,0,9,5
"ENSMUSG00000035513",119,66,81,234,376,339,204,236,324,1288,1307,2406,2763,4296,6821,6584,7053,4033,2519,2998,5277,602,4112,862,1104,1213
"ENSMUSG00000077250",0,0,0,0,0,0,0,0,0,0,0,0,0,0,0,0,0,0,0,0,0,0,0,0,0,0
"ENSMUSG00000093738",0,2,0,0,0,0,0,0,0,0,2,0,3,0,0,0,0,0,0,0,0,0,0,4,0,0
"ENSMUSG00000037334",0,0,0,0,0,0,0,0,0,0,0,0,0,0,0,0,0,0,0,0,0,0,2,0,0,0
"ENSMUSG00000038146",0,3,10,39,42,60,19,31,48,156,50,177,36,87,71,66,67,40,54,106,52,11,11,43,74,104
"ENSMUSG00000038541",1,0,0,4,10,9,18,0,7,11,19,54,11,0,52,133,613,0,1,0,0,0,0,7,2,0
"ENSMUSG00000023122",0,0,0,0,0,0,0,0,0,0,0,0,0,0,0,0,0,0,0,0,0,0,0,0,0,0
